{
    "fpdaf_no_cusum": {
        "accuracy": 0.8351457366448531,
        "precision": 0.08510022013671649,
        "recall": 0.5532956685499059,
        "f1_score": 0.14751217552844303,
        "auroc": 0.760272576155158,
        "confusion_matrix": {
            "tn": 84546,
            "fp": 15793,
            "fn": 1186,
            "tp": 1469
        }
    },
    "fpdaf_no_attention": {
        "accuracy": 0.8000986465230984,
        "precision": 0.0813044374227229,
        "recall": 0.528060263653484,
        "f1_score": 0.1412001336199384,
        "auroc": 0.7877666086730579,
        "confusion_matrix": {
            "tn": 87183,
            "fp": 13156,
            "fn": 1253,
            "tp": 1402
        }
    },
    "fpdaf_no_personalization": {
        "accuracy": 0.7886911975454881,
        "precision": 0.080514774205538,
        "recall": 0.6357815442561205,
        "f1_score": 0.14304753298316721,
        "auroc": 0.78869901091796,
        "confusion_matrix": {
            "tn": 80548,
            "fp": 19791,
            "fn": 922,
            "tp": 1733
        }
    }
}