{
    "metric": [
        "Accuracy",
        "Precision",
        "Recall",
        "F1 Score",
        "AUROC",
        "TP",
        "FP",
        "TN",
        "FN"
    ],
    "fedavg": [
        0.7594325883061149,
        0.0694433631763332,
        0.671939736346516,
        0.12587757982007408,
        0.7843876002348272,
        1784,
        23906,
        76433,
        871
    ],
    "centralized": [
        0.7508981105695477,
        0.0714046137219096,
        0.7216572504708098,
        0.1299511665762344,
        0.8057754044298303,
        1916,
        24917,
        75422,
        739
    ],
    "difference": [
        0.008534477736567236,
        -0.0019612505455763873,
        -0.049717514124293705,
        -0.004073586756160319,
        -0.02138780419500308,
        -132,
        -1011,
        1011,
        132
    ]
}