{
    "metric": [
        "Accuracy",
        "Precision",
        "Recall",
        "F1 Score",
        "AUROC",
        "TP",
        "FP",
        "TN",
        "FN"
    ],
    "fedavg": [
        0.7594325883061149,
        0.0694433631763332,
        0.671939736346516,
        0.12587757982007408,
        0.7843876002348272,
        1784,
        23906,
        76433,
        871
    ],
    "fedprox": [
        0.788514864943589,
        0.08122098040355876,
        0.6064030131826742,
        0.1432002820874471,
        0.7932686574808949,
        1610,
        18210,
        82129,
        1045
    ],
    "ditto_global": [
        0.7988911975454881,
        0.080514774205538,
        0.6527306967984934,
        0.14334753298316721,
        0.78869901091796,
        1733,
        19791,
        80548,
        922
    ],
    "ditto_personalized": [
        0.8245237586655534,
        0.08981589869107162,
        0.6357815442561205,
        0.1573966152268171,
        0.7988691105513889,
        1688,
        17106,
        83233,
        967
    ],
    "fpdaf_global": [
        0.7877934636969144,
        0.07096572373419135,
        0.5981167608286252,
        0.1268775966762544,
        0.7531540863666145,
        1588,
        20789,
        79550,
        1067
    ],
    "fpdaf_personalized": [
        0.8650882575683236,
        0.09810020355083116,
        0.6534839924670433,
        0.17058448931580234,
        0.8214371985472856,
        1735,
        15951,
        87364,
        920
    ],
    "centralized": [
        0.7508981105695477,
        0.0714046137219096,
        0.7216572504708098,
        0.1299511665762344,
        0.8057754044298303,
        1916,
        24917,
        75422,
        739
    ]
}