{
    "metric": [
        "Accuracy",
        "Precision",
        "Recall",
        "F1 Score",
        "AUROC",
        "TP",
        "FP",
        "TN",
        "FN"
    ],
    "fedavg": [
        0.7594325883061149,
        0.0694433631763332,
        0.671939736346516,
        0.12587757982007408,
        0.7843876002348272,
        1784,
        23906,
        76433,
        871
    ],
    "fedprox": [
        0.838514864943589,
        0.09362098040355876,
        0.6064030131826742,
        0.1622002820874471,
        0.8032686574808949,
        1610,
        15587,
        84752,
        1045
    ],
    "ditto_global": [
        0.7988911975454881,
        0.080514774205538,
        0.6527306967984934,
        0.14334753298316721,
        0.78869901091796,
        1733,
        19791,
        80548,
        922
    ],
    "ditto_personalized": [
        0.8600986465230984,
        0.0963044374227229,
        0.528060263653484,
        0.1629001336199384,
        0.7877666086730579,
        1402,
        13156,
        87183,
        1253
    ],
    "centralized": [
        0.7508981105695477,
        0.0714046137219096,
        0.7216572504708098,
        0.1299511665762344,
        0.8057754044298303,
        1916,
        24917,
        75422,
        739
    ]
}