{
    "train_loss": [
        0.9279693442382222,
        0.6993659116868803,
        0.5715415089809452,
        0.4899276834350327,
        0.4398647937405784,
        0.3994241020083409,
        0.3672753252171489,
        0.34534786946986873,
        0.3241529307545873
    ],
    "train_acc": [
        0.7573947649941696,
        0.8026122691654681,
        0.8359156654503432,
        0.8635289290282602,
        0.8791129422256835,
        0.8934115464893053,
        0.9034456914725469,
        0.9079571837402051,
        0.9136598774465163
    ],
    "train_auroc": [
        0.8510499895748765,
        0.912827711781455,
        0.9383310000377515,
        0.9529109427972378,
        0.9610772654963718,
        0.967421905365158,
        0.9718830653614758,
        0.9746953385095002,
        0.9772421935166736
    ],
    "val_loss": [
        1.0389306605825852,
        1.2638685849874374,
        1.4421908425370193,
        1.824063542689251,
        1.9008995618787694,
        2.054342174111116,
        1.9830799968195805,
        2.3932002313050798,
        2.6444519144257344
    ],
    "val_acc": [
        0.7091351237048001,
        0.7910475018743152,
        0.8215171379688191,
        0.8478921163421058,
        0.8496030296622388,
        0.8769776427843673,
        0.8590418885407255,
        0.875141775120629,
        0.8775639670120533
    ],
    "val_auroc": [
        0.823192847314962,
        0.8095305521629156,
        0.8178488958661538,
        0.8037947460074844,
        0.7894549999549751,
        0.802550530661008,
        0.78934578813806,
        0.7983831949178511,
        0.7902152984901062
    ]
}